id, type, gender, skin tone, count, accessories
0,  Human,  Female,  Medium, 2, Green Eye Shadow / Blonde Bob
5,  Human,  Female,  Medium, 2, Purple Eye Shadow / Half Shaved
29,  Human,  Female,  Medium, 2, Horned Rim Glasses / Half Shaved
87,  Human,  Male,  Light, 1, Hoodie
94,  Human,  Female,  Dark, 2, Pink With Hat / Regular Shades
115,  Human,  Female,  Dark, 1, Half Shaved
128,  Human,  Male,  Light, 3, Police Cap / Chinstrap / Vape
154,  Human,  Male,  Dark, 2, Hoodie / Shadow Beard
176,  Human,  Female,  Dark, 3, Regular Shades / Wild Hair / Purple Lipstick
210,  Human,  Female,  Medium, 1, Straight Hair Dark
250,  Human,  Female,  Medium, 2, Clown Eyes Green / Frumpy Hair
264,  Human,  Female,  Albino, 1, Wild White Hair
269,  Human,  Male,  Dark, 3, Luxurious Beard / Hoodie / Small Shades
294,  Human,  Male,  Dark, 2, Hoodie / Big Shades
319,  Human,  Female,  Light, 1, Straight Hair Dark
324,  Human,  Female,  Albino, 2, Hot Lipstick / Blonde Bob
326,  Human,  Female,  Dark, 2, Wild White Hair / Hot Lipstick
378,  Human,  Female,  Dark, 1, Frumpy Hair
380,  Human,  Female,  Light, 2, Black Lipstick / Wild Hair
394,  Human,  Female,  Light, 1, Pink With Hat
412,  Human,  Male,  Albino, 2, Purple Hair / Classic Shades
422,  Human,  Female,  Light, 3, Purple Eye Shadow / Dark Hair / Purple Lipstick
430,  Human,  Female,  Dark, 2, Dark Hair / Purple Lipstick
488,  Human,  Female,  Medium, 2, Mole / Half Shaved
525,  Human,  Female,  Medium, 3, Silver Chain / Hot Lipstick / Straight Hair Dark
563,  Human,  Female,  Light, 3, Pipe / VR / Straight Hair Dark
573,  Human,  Female,  Medium, 2, Wild White Hair / VR
579,  Human,  Female,  Dark, 1, Straight Hair Blonde
585,  Human,  Female,  Dark, 1, Pink With Hat
596,  Human,  Female,  Medium, 2, Medical Mask / Blonde Bob
598,  Human,  Female,  Albino, 2, Wild White Hair / Purple Eye Shadow
621,  Human,  Male,  Medium, 4, Peak Spike / Earring / Normal Beard / Eye Patch
623,  Human,  Male,  Medium, 3, Fedora / Horned Rim Glasses / Normal Beard
654,  Human,  Female,  Light, 2, Wild White Hair / Clown Eyes Green
660,  Human,  Female,  Dark, 3, Purple Eye Shadow / Wild Hair / Purple Lipstick
671,  Human,  Female,  Dark, 2, Classic Shades / Half Shaved
684,  Human,  Female,  Medium, 3, Pink With Hat / Purple Lipstick / Clown Eyes Blue
714,  Human,  Female,  Medium, 3, Green Eye Shadow / Half Shaved / Cigarette
717,  Human,  Female,  Light, 2, Green Eye Shadow / Frumpy Hair
719,  Human,  Female,  Medium, 2, Pink With Hat / Hot Lipstick
755,  Human,  Female,  Albino, 5, Mole / Black Lipstick / Clown Eyes Green / Blonde Bob / Cigarette
825,  Human,  Female,  Light, 3, Wild Hair / Purple Lipstick / Rosy Cheeks
874,  Human,  Female,  Dark, 3, Regular Shades / Wild Hair / Cigarette
875,  Human,  Female,  Medium, 2, Wild White Hair / Regular Shades
877,  Human,  Male,  Light, 2, Luxurious Beard / Hoodie
879,  Human,  Male,  Medium, 3, Handlebars / Purple Hair / Classic Shades
894,  Human,  Female,  Albino, 1, Frumpy Hair
924,  Human,  Male,  Light, 3, Luxurious Beard / Hoodie / 3D Glasses
939,  Human,  Male,  Medium, 2, Hoodie / VR
952,  Human,  Female,  Medium, 3, Mole / Eye Patch / Straight Hair Dark
954,  Human,  Female,  Albino, 2, Frumpy Hair / Nerd Glasses
959,  Human,  Male,  Dark, 4, Normal Beard Black / Police Cap / Earring / Pipe
960,  Human,  Female,  Medium, 3, Straight Hair Blonde / Purple Lipstick / Clown Eyes Blue
965,  Human,  Male,  Light, 2, Clown Eyes Blue / Purple Hair
986,  Human,  Male,  Dark, 3, Normal Beard Black / Peak Spike / Earring
998,  Human,  Male,  Dark, 3, Stringy Hair / Horned Rim Glasses / Normal Beard
1010,  Human,  Female,  Light, 2, Pink With Hat / Classic Shades
1016,  Human,  Male,  Medium, 3, Horned Rim Glasses / Normal Beard / Headband
1024,  Human,  Female,  Dark, 3, Hot Lipstick / Wild Hair / Clown Eyes Blue
1034,  Human,  Male,  Medium, 3, Normal Beard Black / Hoodie / Big Shades
1070,  Human,  Female,  Medium, 1, Pink With Hat
1083,  Human,  Female,  Medium, 2, Straight Hair Blonde / VR
1110,  Human,  Female,  Medium, 3, Purple Eye Shadow / Wild Hair / Purple Lipstick
1140,  Human,  Female,  Dark, 2, Wild White Hair / Purple Lipstick
1192,  Human,  Male,  Albino, 2, Purple Hair / Goat
1225,  Human,  Female,  Albino, 2, Black Lipstick / Straight Hair Blonde
1246,  Human,  Female,  Dark, 3, Hot Lipstick / Dark Hair / Nerd Glasses
1253,  Human,  Female,  Albino, 2, Purple Lipstick / Blonde Bob
1260,  Human,  Female,  Albino, 3, Big Shades / Crazy Hair / Earring
1262,  Human,  Male,  Medium, 2, Purple Hair / Normal Beard
1265,  Human,  Female,  Dark, 3, Eye Mask / Dark Hair / Purple Lipstick
1271,  Human,  Male,  Light, 4, Big Shades / Spots / Purple Hair / Pipe
1296,  Human,  Female,  Dark, 2, Wild Hair / Clown Eyes Blue
1303,  Human,  Male,  Medium, 2, Handlebars / Cowboy Hat
1320,  Human,  Male,  Medium, 3, Eye Mask / Purple Hair / Mustache
1390,  Human,  Female,  Medium, 2, Blue Eye Shadow / Blonde Bob
1399,  Human,  Female,  Medium, 2, Black Lipstick / Wild Hair
1400,  Human,  Male,  Light, 3, Eye Mask / Chinstrap / Knitted Cap
1414,  Human,  Female,  Light, 2, Blonde Bob / Clown Eyes Blue
1434,  Human,  Female,  Dark, 2, Straight Hair Blonde / Eye Patch
1441,  Human,  Female,  Dark, 3, Eye Mask / Frumpy Hair / Purple Lipstick
1476,  Human,  Female,  Dark, 2, Pipe / Dark Hair
1477,  Human,  Female,  Medium, 2, Big Shades / Straight Hair
1484,  Human,  Male,  Light, 2, Hoodie / Handlebars
1489,  Human,  Female,  Light, 2, Wild White Hair / Purple Lipstick
1504,  Human,  Female,  Medium, 3, Black Lipstick / Green Eye Shadow / Frumpy Hair
1506,  Human,  Male,  Dark, 2, Peak Spike / Medical Mask
1535,  Human,  Female,  Dark, 2, Classic Shades / Dark Hair
1536,  Human,  Male,  Medium, 2, Normal Beard / Crazy Hair
1544,  Human,  Female,  Dark, 3, Green Eye Shadow / Half Shaved / Purple Lipstick
1563,  Human,  Female,  Medium, 2, Dark Hair / Clown Eyes Blue
1636,  Human,  Male,  Dark, 4, Cigarette / Normal Beard Black / Do-rag / Regular Shades
1642,  Human,  Male,  Light, 2, Normal Beard / Mohawk Dark
1653,  Human,  Male,  Medium, 3, Hoodie / Normal Beard / Clown Eyes Green
1694,  Human,  Female,  Medium, 2, Black Lipstick / Pink With Hat
1702,  Human,  Male,  Dark, 2, Front Beard / Clown Hair Green
1718,  Human,  Male,  Albino, 1, Luxurious Beard
1746,  Human,  Female,  Albino, 2, Green Eye Shadow / Dark Hair
1748,  Zombie,  Male,  , 2, Front Beard / Knitted Cap
1752,  Human,  Female,  Light, 2, Black Lipstick / Half Shaved
1828,  Human,  Female,  Light, 2, Black Lipstick / Blonde Bob
1851,  Human,  Male,  Medium, 3, Eye Mask / Handlebars / Purple Hair
1878,  Human,  Male,  Light, 3, Hoodie / Big Shades / Vape
1913,  Human,  Female,  Light, 2, Straight Hair / Hot Lipstick
1918,  Human,  Female,  Medium, 2, Hot Lipstick / Blonde Bob
1937,  Human,  Female,  Medium, 3, Blue Eye Shadow / Straight Hair / Purple Lipstick
1951,  Human,  Female,  Medium, 2, Half Shaved / VR
1984,  Human,  Female,  Medium, 3, Black Lipstick / Straight Hair / Cigarette
2015,  Human,  Female,  Light, 2, Pink With Hat / Nerd Glasses
2046,  Human,  Female,  Light, 2, Clown Eyes Blue / Straight Hair Dark
2058,  Human,  Male,  Medium, 2, Purple Hair / Goat
2074,  Human,  Female,  Medium, 3, Hot Lipstick / Wild Hair / Clown Eyes Blue
2097,  Human,  Male,  Dark, 3, Luxurious Beard / Do-rag / Regular Shades
2114,  Human,  Female,  Light, 2, Wild White Hair / Green Eye Shadow
2133,  Human,  Female,  Dark, 2, Pipe / Wild White Hair
2176,  Human,  Female,  Albino, 1, Half Shaved
2187,  Human,  Female,  Light, 3, Clown Eyes Green / Medical Mask / Half Shaved
2190,  Human,  Female,  Albino, 2, Pink With Hat / Clown Eyes Blue
2202,  Human,  Female,  Dark, 5, Mole / Choker / Straight Hair / Hot Lipstick / Classic Shades
2239,  Human,  Male,  Albino, 2, Mohawk / Big Beard
2264,  Human,  Male,  Light, 3, Shadow Beard / Purple Hair / Regular Shades
2274,  Human,  Female,  Light, 3, Hot Lipstick / Wild Hair / 3D Glasses
2283,  Human,  Female,  Medium, 2, Pipe / Frumpy Hair
2311,  Human,  Male,  Light, 2, Hoodie / Shadow Beard
2325,  Human,  Male,  Albino, 2, Hoodie / VR
2344,  Human,  Male,  Medium, 3, Bandana / Clown Eyes Blue / Luxurious Beard
2350,  Human,  Male,  Medium, 3, Luxurious Beard / Peak Spike / Small Shades
2356,  Human,  Male,  Medium, 3, Cigarette / Hoodie / Regular Shades
2357,  Human,  Male,  Albino, 2, Normal Beard Black / Mohawk Thin
2360,  Human,  Female,  Albino, 2, Wild White Hair / Clown Eyes Blue
2435,  Human,  Male,  Dark, 2, Hoodie / Horned Rim Glasses
2464,  Human,  Male,  Medium, 2, Luxurious Beard / Hoodie
2486,  Human,  Female,  Dark, 2, Purple Eye Shadow / Frumpy Hair
2496,  Human,  Female,  Medium, 3, Green Eye Shadow / Blonde Bob / Cigarette
2546,  Human,  Female,  Dark, 2, Black Lipstick / Straight Hair Dark
2551,  Human,  Female,  Light, 2, Red Mohawk / Medical Mask
2574,  Human,  Male,  Dark, 2, Purple Hair / Goat
2623,  Human,  Female,  Dark, 3, Big Shades / Wild White Hair / Purple Lipstick
2624,  Human,  Female,  Light, 2, Wild White Hair / Cigarette
2644,  Human,  Male,  Light, 2, Handlebars / Mohawk
2654,  Human,  Female,  Albino, 2, Big Shades / Straight Hair Dark
2672,  Human,  Male,  Dark, 3, Frown / Muttonchops / Purple Hair
2678,  Human,  Male,  Dark, 2, Normal Beard Black / Wild Hair
2710,  Human,  Female,  Dark, 2, Horned Rim Glasses / Straight Hair Dark
2715,  Human,  Male,  Medium, 3, Luxurious Beard / Earring / Medical Mask
2718,  Human,  Male,  Dark, 2, Cap / Front Beard Dark
2723,  Human,  Female,  Dark, 2, Big Shades / Wild White Hair
2731,  Human,  Female,  Medium, 3, Vape / Hot Lipstick / Straight Hair Dark
2751,  Human,  Female,  Light, 2, Purple Eye Shadow / Blonde Bob
2763,  Human,  Male,  Dark, 2, Cap / Handlebars
2799,  Human,  Female,  Albino, 2, Horned Rim Glasses / Wild Hair
2814,  Human,  Female,  Dark, 3, Vape / Hot Lipstick / Half Shaved
2815,  Human,  Female,  Light, 3, Straight Hair / Purple Lipstick / Nerd Glasses
2819,  Human,  Male,  Light, 3, Vampire Hair / Chinstrap / Horned Rim Glasses
2826,  Human,  Female,  Light, 2, Frumpy Hair / VR
2829,  Human,  Female,  Albino, 2, Blue Eye Shadow / Blonde Bob
2836,  Human,  Female,  Light, 3, Wild White Hair / Welding Goggles / Cigarette
2852,  Human,  Female,  Light, 3, Wild White Hair / Black Lipstick / Regular Shades
2894,  Human,  Male,  Medium, 4, Frown / Hoodie / Gold Chain / Chinstrap
2896,  Human,  Female,  Dark, 2, Blue Eye Shadow / Straight Hair Dark
2940,  Human,  Female,  Albino, 4, Spots / Hot Lipstick / Blonde Bob / Clown Eyes Blue
2945,  Human,  Female,  Dark, 3, Purple Eye Shadow / Purple Lipstick / Straight Hair Dark
2946,  Human,  Female,  Light, 2, Classic Shades / Dark Hair
2961,  Human,  Male,  Medium, 3, Wild Hair / Big Beard / Mole
3011,  Human,  Male,  Dark, 5, Vampire Hair / Earring / Normal Beard / Pipe / Small Shades
3016,  Human,  Male,  Light, 3, Messy Hair / Normal Beard Black / Clown Eyes Green
3017,  Human,  Male,  Dark, 3, Eye Mask / Knitted Cap / Big Beard
3074,  Human,  Male,  Medium, 3, Buck Teeth / Purple Hair / Vape
3090,  Human,  Male,  Medium, 3, Luxurious Beard / Classic Shades / Mohawk
3096,  Human,  Female,  Medium, 3, Vape / Pink With Hat / Clown Eyes Blue
3127,  Human,  Male,  Light, 4, Chinstrap / Earring / Nerd Glasses / Do-rag
3131,  Human,  Female,  Albino, 2, Mole / Dark Hair
3176,  Human,  Female,  Medium, 2, Welding Goggles / Straight Hair
3177,  Human,  Male,  Dark, 2, Luxurious Beard / Clown Hair Green
3190,  Human,  Female,  Dark, 2, Straight Hair / Hot Lipstick
3227,  Human,  Female,  Medium, 2, Straight Hair / Nerd Glasses
3240,  Human,  Female,  Medium, 2, Blue Eye Shadow / Wild White Hair
3254,  Human,  Female,  Dark, 3, Dark Hair / Purple Lipstick / Cigarette
3280,  Human,  Male,  Medium, 2, Purple Hair / Medical Mask
3293,  Human,  Female,  Medium, 3, Wild White Hair / Hot Lipstick / Nerd Glasses
3296,  Human,  Male,  Medium, 4, Cigarette / Frumpy Hair / Chinstrap / Earring
3305,  Human,  Male,  Medium, 2, Front Beard / Messy Hair
3347,  Human,  Female,  Medium, 2, Gold Chain / Straight Hair Dark
3370,  Human,  Male,  Dark, 2, Shadow Beard / Purple Hair
3377,  Human,  Female,  Medium, 2, Clown Eyes Green / Straight Hair
3383,  Human,  Male,  Light, 2, Stringy Hair / Medical Mask
3424,  Human,  Female,  Light, 2, Straight Hair Blonde / Purple Lipstick
3437,  Human,  Female,  Dark, 4, Mole / Pink With Hat / Purple Lipstick / Clown Eyes Blue
3441,  Human,  Female,  Albino, 3, Hot Lipstick / Half Shaved / 3D Glasses
3490,  Human,  Female,  Medium, 3, Blue Eye Shadow / Wild White Hair / Hot Lipstick
3494,  Human,  Female,  Dark, 2, Blonde Bob / Clown Eyes Blue
3518,  Human,  Male,  Dark, 2, Hoodie / Front Beard Dark
3519,  Human,  Female,  Dark, 3, Mole / Pink With Hat / Clown Eyes Blue
3534,  Human,  Female,  Medium, 2, Pipe / Straight Hair Dark
3556,  Human,  Female,  Medium, 2, Welding Goggles / Half Shaved
3573,  Human,  Male,  Dark, 2, Hoodie / Small Shades
3574,  Human,  Female,  Albino, 3, Mole / Black Lipstick / Wild Hair
3615,  Human,  Female,  Medium, 2, Purple Eye Shadow / Straight Hair Dark
3625,  Human,  Male,  Medium, 3, Front Beard / Peak Spike / Horned Rim Glasses
3629,  Human,  Female,  Dark, 3, Clown Eyes Green / Straight Hair / Hot Lipstick
3649,  Human,  Female,  Dark, 3, Blonde Short / Medical Mask / Earring
3671,  Human,  Male,  Dark, 3, Normal Beard Black / Classic Shades / Do-rag
3672,  Human,  Male,  Medium, 3, Clown Eyes Blue / Hoodie / Shadow Beard
3673,  Human,  Female,  Light, 2, Blue Eye Shadow / Pink With Hat
3677,  Human,  Male,  Dark, 3, Handlebars / Headband / 3D Glasses
3686,  Human,  Female,  Medium, 2, Wild White Hair / Black Lipstick
3700,  Human,  Male,  Dark, 4, Luxurious Beard / Earring / Knitted Cap / Small Shades
3733,  Human,  Female,  Medium, 4, Green Eye Shadow / Hot Lipstick / Straight Hair Dark / Cigarette
3773,  Human,  Female,  Medium, 2, Classic Shades / Half Shaved
3798,  Human,  Female,  Dark, 3, Vape / Straight Hair / Purple Lipstick
3810,  Human,  Male,  Dark, 2, Hoodie / Medical Mask
3821,  Human,  Female,  Medium, 3, Black Lipstick / Eye Patch / Dark Hair
3827,  Human,  Female,  Dark, 2, Clown Nose / Blonde Bob
3852,  Human,  Male,  Dark, 4, Bandana / Handlebars / Earring / Eye Patch
3871,  Human,  Male,  Medium, 4, Messy Hair / Clown Nose / Front Beard Dark / Medical Mask
3908,  Human,  Female,  Medium, 2, Medical Mask / Dark Hair
3909,  Human,  Female,  Medium, 2, Dark Hair / Purple Lipstick
3942,  Human,  Male,  Light, 3, Chinstrap / Purple Hair / VR
3943,  Human,  Male,  Light, 3, Cap Forward / Spots / Medical Mask
3976,  Human,  Female,  Dark, 3, Horned Rim Glasses / Hot Lipstick / Straight Hair Dark
3999,  Human,  Female,  Dark, 4, Pipe / Big Shades / Straight Hair Blonde / Hot Lipstick
4016,  Human,  Female,  Light, 2, Straight Hair / Regular Shades
4019,  Human,  Female,  Light, 4, Vape / Blue Eye Shadow / Straight Hair Blonde / Hot Lipstick
4030,  Human,  Female,  Medium, 3, Hot Lipstick / Wild Hair / Cigarette
4036,  Human,  Female,  Medium, 3, Clown Eyes Green / Wild Hair / Purple Lipstick
4047,  Human,  Male,  Medium, 2, Frown / Hoodie
4065,  Human,  Female,  Medium, 3, Hot Lipstick / Half Shaved / Cigarette
4094,  Human,  Male,  Light, 2, Headband / Medical Mask
4151,  Human,  Female,  Medium, 3, Mole / Purple Eye Shadow / Straight Hair Dark
4166,  Human,  Female,  Light, 3, Black Lipstick / Purple Eye Shadow / Blonde Bob
4176,  Human,  Female,  Medium, 3, Green Eye Shadow / Medical Mask / Straight Hair Blonde
4190,  Human,  Female,  Medium, 2, Hot Lipstick / Half Shaved
4214,  Human,  Female,  Dark, 2, Pink With Hat / Cigarette
4231,  Human,  Female,  Dark, 3, Medical Mask / Dark Hair / Clown Eyes Blue
4234,  Human,  Male,  Dark, 3, Gold Chain / Purple Hair / Horned Rim Glasses
4245,  Human,  Female,  Dark, 3, Mole / Wild White Hair / Clown Eyes Green
4254,  Human,  Female,  Albino, 3, Purple Eye Shadow / Purple Lipstick / Blonde Bob
4286,  Human,  Female,  Medium, 3, Green Eye Shadow / Straight Hair Blonde / Hot Lipstick
4302,  Human,  Female,  Light, 3, Straight Hair / Purple Lipstick / Clown Eyes Blue
4309,  Human,  Female,  Medium, 3, Purple Eye Shadow / Dark Hair / Purple Lipstick
4319,  Human,  Female,  Dark, 3, Hot Lipstick / Straight Hair Dark / Cigarette
4324,  Human,  Male,  Medium, 4, Eye Mask / Normal Beard Black / Earring / Headband
4332,  Human,  Female,  Dark, 3, Green Eye Shadow / Dark Hair / Purple Lipstick
4352,  Human,  Male,  Albino, 3, Messy Hair / Classic Shades / Normal Beard
4371,  Human,  Male,  Light, 3, Cap / Front Beard Dark / Horned Rim Glasses
4383,  Human,  Female,  Dark, 3, Pink With Hat / Hot Lipstick / Classic Shades
4405,  Human,  Female,  Albino, 2, Wild White Hair / Purple Lipstick
4414,  Human,  Male,  Dark, 3, Eye Mask / Normal Beard Black / Headband
4415,  Human,  Male,  Albino, 4, Luxurious Beard / Pipe / Mohawk / Eye Patch
4424,  Human,  Female,  Albino, 4, Wild White Hair / Black Lipstick / Clown Eyes Green / Cigarette
4444,  Human,  Male,  Dark, 2, Normal Beard Black / Shaved Head
4465,  Human,  Female,  Medium, 3, Blue Eye Shadow / Hot Lipstick / Wild Hair
4467,  Human,  Female,  Dark, 2, Regular Shades / Dark Hair
4525,  Human,  Female,  Dark, 3, Pipe / Black Lipstick / Half Shaved
4528,  Human,  Male,  Medium, 2, Front Beard / Frumpy Hair
4558,  Human,  Male,  Dark, 2, Cap Forward / Normal Beard
4620,  Human,  Male,  Light, 3, Cap Forward / Big Shades / Muttonchops
4642,  Human,  Male,  Medium, 3, Muttonchops / Fedora / Horned Rim Glasses
4644,  Human,  Male,  Dark, 2, Bandana / Big Beard
4667,  Human,  Male,  Medium, 3, Cigarette / Bandana / Normal Beard Black
4668,  Human,  Male,  Albino, 3, Hoodie / Clown Eyes Green / Mole
4677,  Human,  Female,  Dark, 2, Welding Goggles / Dark Hair
4683,  Human,  Male,  Medium, 3, Hoodie / Handlebars / VR
4697,  Human,  Male,  Medium, 2, Luxurious Beard / Headband
4724,  Human,  Male,  Medium, 2, Hoodie / Spots
4730,  Human,  Male,  Light, 3, Cigarette / Mohawk / Big Beard
4784,  Human,  Female,  Medium, 2, Straight Hair / Eye Patch
4799,  Human,  Female,  Medium, 3, Blue Eye Shadow / Black Lipstick / Straight Hair Blonde
4820,  Human,  Male,  Albino, 3, Cigarette / Purple Hair / Horned Rim Glasses
4837,  Human,  Male,  Dark, 3, Luxurious Beard / Horned Rim Glasses / Knitted Cap
4884,  Human,  Female,  Medium, 3, Wild White Hair / Hot Lipstick / Clown Eyes Blue
4921,  Human,  Female,  Medium, 3, Black Lipstick / Purple Eye Shadow / Blonde Bob
4981,  Human,  Female,  Medium, 3, Pipe / Purple Eye Shadow / Wild Hair
5010,  Human,  Female,  Light, 3, Horned Rim Glasses / Medical Mask / Straight Hair
5024,  Human,  Female,  Medium, 3, Blue Eye Shadow / Black Lipstick / Straight Hair Dark
5026,  Human,  Female,  Medium, 2, Straight Hair / Classic Shades
5027,  Human,  Female,  Dark, 2, Wild White Hair / Clown Eyes Green
5053,  Human,  Female,  Dark, 3, Vape / Wild White Hair / Hot Lipstick
5055,  Human,  Female,  Medium, 3, Black Lipstick / Straight Hair / Regular Shades
5057,  Human,  Male,  Dark, 4, Chinstrap / Classic Shades / Earring / Shaved Head
5060,  Human,  Female,  Dark, 3, Green Eye Shadow / Purple Lipstick / Straight Hair Dark
5083,  Human,  Female,  Dark, 3, Pink With Hat / Clown Eyes Green / Cigarette
5098,  Human,  Male,  Dark, 2, Frumpy Hair / Front Beard Dark
5101,  Human,  Male,  Dark, 4, Mohawk Thin / Front Beard Dark / Earring / Small Shades
5108,  Human,  Female,  Medium, 4, Black Lipstick / Purple Eye Shadow / Frumpy Hair / Cigarette
5118,  Human,  Female,  Light, 3, Medical Mask / Pigtails / Earring
5149,  Human,  Male,  Medium, 4, Clown Nose / Normal Beard Black / Classic Shades / Knitted Cap
5153,  Human,  Female,  Dark, 2, Purple Eye Shadow / Wild Hair
5154,  Human,  Female,  Medium, 3, Half Shaved / Purple Lipstick / Clown Eyes Blue
5166,  Human,  Female,  Dark, 3, Straight Hair Blonde / Purple Lipstick / Clown Eyes Blue
5211,  Human,  Female,  Light, 4, Purple Eye Shadow / Purple Lipstick / Straight Hair Dark / Cigarette
5219,  Human,  Female,  Medium, 2, Medical Mask / Wild Blonde
5232,  Human,  Female,  Medium, 3, Wild White Hair / Black Lipstick / Nerd Glasses
5255,  Human,  Male,  Dark, 2, Normal Beard / Shaved Head
5276,  Human,  Male,  Light, 3, Frumpy Hair / Normal Beard / VR
5282,  Human,  Female,  Light, 2, Straight Hair Blonde / 3D Glasses
5295,  Human,  Female,  Medium, 3, Purple Eye Shadow / Straight Hair Blonde / Hot Lipstick
5298,  Human,  Male,  Dark, 3, Buck Teeth / Hoodie / Horned Rim Glasses
5313,  Human,  Male,  Dark, 3, Chinstrap / Fedora / Pipe
5333,  Human,  Female,  Medium, 2, Dark Hair / Cigarette
5373,  Human,  Female,  Light, 3, Pipe / Frumpy Hair / Purple Lipstick
5377,  Human,  Male,  Medium, 3, Messy Hair / Luxurious Beard / Big Shades
5423,  Human,  Male,  Light, 2, Cap Forward / Handlebars
5446,  Human,  Female,  Dark, 3, Black Lipstick / Eye Patch / Half Shaved
5457,  Human,  Female,  Dark, 3, Black Lipstick / Green Eye Shadow / Straight Hair Blonde
5471,  Human,  Female,  Light, 2, Wild Hair / 3D Glasses
5486,  Human,  Male,  Dark, 4, Hoodie / Muttonchops / Vape / Eye Patch
5490,  Human,  Female,  Dark, 3, Hot Lipstick / Half Shaved / VR
5495,  Human,  Male,  Light, 2, Chinstrap / Fedora
5497,  Human,  Female,  Dark, 3, Straight Hair Blonde / Purple Lipstick / Cigarette
5506,  Human,  Male,  Light, 2, Peak Spike / Normal Beard
5513,  Human,  Female,  Medium, 3, Pink With Hat / Purple Lipstick / Cigarette
5545,  Human,  Female,  Albino, 4, Vape / Hot Lipstick / Wild Hair / 3D Glasses
5548,  Human,  Male,  Medium, 3, Front Beard Dark / Wild Hair / Earring
5559,  Human,  Male,  Dark, 3, Normal Beard / Headband / Eye Patch
5597,  Human,  Male,  Medium, 2, Hoodie / Muttonchops
5612,  Human,  Female,  Medium, 3, Black Lipstick / Classic Shades / Dark Hair
5622,  Human,  Female,  Dark, 5, Pipe / Gold Chain / Clown Eyes Green / Hot Lipstick / Blonde Bob
5629,  Human,  Female,  Albino, 3, Clown Eyes Green / Dark Hair / Purple Lipstick
5677,  Human,  Female,  Albino, 2, Wild Hair / Cigarette
5680,  Human,  Male,  Dark, 2, Crazy Hair / Medical Mask
5716,  Human,  Male,  Medium, 3, Messy Hair / Earring / Medical Mask
5723,  Human,  Female,  Dark, 3, Mole / Hot Lipstick / Blonde Bob
5725,  Human,  Male,  Light, 3, Normal Beard Black / Hoodie / Eye Patch
5732,  Human,  Male,  Albino, 3, Stringy Hair / Clown Eyes Blue / Normal Beard Black
5735,  Human,  Male,  Medium, 2, Hoodie / Silver Chain
5767,  Human,  Male,  Light, 2, Luxurious Beard / Purple Hair
5774,  Human,  Male,  Medium, 3, Cap / Front Beard Dark / Eye Patch
5825,  Human,  Female,  Albino, 3, Straight Hair Blonde / Eye Patch / Purple Lipstick
5838,  Human,  Female,  Dark, 2, Wild White Hair / Medical Mask
5874,  Human,  Male,  Light, 2, Purple Hair / 3D Glasses
5879,  Human,  Female,  Albino, 2, Green Eye Shadow / Straight Hair Dark
5935,  Human,  Male,  Light, 2, Frumpy Hair / Handlebars
5949,  Human,  Female,  Dark, 4, Tassle Hat / Big Shades / Medical Mask / Earring
6005,  Human,  Female,  Medium, 3, Black Lipstick / Straight Hair / Eye Patch
6010,  Human,  Male,  Light, 2, Purple Hair / Vape
6055,  Human,  Female,  Albino, 3, Wild White Hair / Purple Lipstick / Nerd Glasses
6086,  Human,  Female,  Light, 3, Pipe / Hot Lipstick / Frumpy Hair
6093,  Human,  Female,  Medium, 2, Medical Mask / Half Shaved
6138,  Human,  Male,  Light, 3, Shadow Beard / Purple Hair / Horned Rim Glasses
6178,  Human,  Female,  Medium, 3, Medical Mask / Straight Hair / Classic Shades
6221,  Human,  Female,  Dark, 3, Green Eye Shadow / Half Shaved / Cigarette
6224,  Human,  Female,  Dark, 3, Clown Eyes Green / Medical Mask / Straight Hair
6226,  Human,  Male,  Medium, 3, Shadow Beard / Purple Hair / Horned Rim Glasses
6265,  Human,  Female,  Medium, 3, Black Lipstick / Straight Hair / Clown Eyes Blue
6277,  Human,  Female,  Medium, 3, Silver Chain / Green Eye Shadow / Blonde Bob
6340,  Human,  Female,  Medium, 3, Mole / Hot Lipstick / Dark Hair
6350,  Human,  Female,  Medium, 3, Straight Hair Blonde / Hot Lipstick / Nerd Glasses
6358,  Human,  Female,  Medium, 2, Messy Hair / Medical Mask
6370,  Human,  Female,  Albino, 2, Purple Eye Shadow / Straight Hair Blonde
6396,  Human,  Male,  Light, 3, Classic Shades / Normal Beard / Knitted Cap
6416,  Human,  Female,  Medium, 3, Black Lipstick / Clown Eyes Green / Wild Hair
6420,  Human,  Male,  Light, 3, Frown / Hoodie / Nerd Glasses
6422,  Human,  Female,  Medium, 3, Blue Eye Shadow / Medical Mask / Frumpy Hair
6442,  Human,  Female,  Light, 3, Black Lipstick / Clown Eyes Green / Straight Hair Blonde
6444,  Human,  Male,  Albino, 3, Normal Beard Black / Peak Spike / Earring
6451,  Human,  Female,  Dark, 2, Medical Mask / Straight Hair Dark
6466,  Human,  Male,  Dark, 4, Buck Teeth / Gold Chain / Chinstrap / Cowboy Hat
6505,  Human,  Male,  Light, 3, Hoodie / Front Beard Dark / Classic Shades
6527,  Human,  Male,  Medium, 3, Messy Hair / Normal Beard Black / Horned Rim Glasses
6528,  Human,  Female,  Light, 3, Black Lipstick / Green Eye Shadow / Straight Hair Blonde
6560,  Human,  Female,  Dark, 3, Blue Eye Shadow / Black Lipstick / Straight Hair Blonde
6562,  Human,  Male,  Light, 2, Chinstrap / Earring
6569,  Human,  Female,  Medium, 3, Hot Lipstick / Dark Hair / Cigarette
6613,  Human,  Female,  Light, 2, Straight Hair Blonde / VR
6634,  Human,  Male,  Light, 3, Cigarette / Hoodie / 3D Glasses
6667,  Human,  Female,  Medium, 4, Gold Chain / Purple Lipstick / Straight Hair Dark / Nerd Glasses
6693,  Human,  Male,  Dark, 3, Luxurious Beard / Purple Hair / Classic Shades
6694,  Human,  Male,  Dark, 3, Luxurious Beard / Vape / Shaved Head
6724,  Human,  Male,  Dark, 3, Earring / Normal Beard / Mohawk
6753,  Human,  Female,  Light, 3, Blue Eye Shadow / Wild White Hair / Hot Lipstick
6760,  Human,  Male,  Dark, 3, Earring / Crazy Hair / Medical Mask
6778,  Human,  Male,  Dark, 2, Big Shades / Purple Hair
6780,  Human,  Female,  Medium, 2, Pipe / Wild Hair
6944,  Human,  Female,  Light, 3, Vape / Half Shaved / Clown Eyes Blue
6954,  Human,  Female,  Medium, 2, Purple Eye Shadow / Blonde Bob
6957,  Human,  Male,  Dark, 4, Cigarette / Normal Beard Black / Knitted Cap / 3D Glasses
6997,  Human,  Female,  Dark, 2, Regular Shades / Straight Hair Dark
7018,  Human,  Male,  Medium, 2, Buck Teeth / Purple Hair
7055,  Human,  Male,  Medium, 3, Stringy Hair / Medical Mask / Regular Shades
7071,  Human,  Female,  Light, 3, Medical Mask / Regular Shades / Stringy Hair
7090,  Human,  Female,  Medium, 2, Pink With Hat / Clown Eyes Blue
7141,  Human,  Female,  Medium, 3, Half Shaved / Cigarette / Nerd Glasses
7154,  Human,  Male,  Dark, 3, Hoodie / Shadow Beard / Regular Shades
7158,  Human,  Male,  Medium, 3, Luxurious Beard / Purple Hair / Clown Eyes Green
7162,  Human,  Male,  Dark, 3, Hoodie / Spots / Classic Shades
7180,  Human,  Female,  Medium, 2, Eye Mask / Blonde Bob
7198,  Human,  Male,  Dark, 3, Vampire Hair / Classic Shades / Medical Mask
7201,  Human,  Male,  Medium, 3, Cigarette / Normal Beard Black / Police Cap
7211,  Human,  Female,  Medium, 3, Clown Nose / Straight Hair Blonde / 3D Glasses
7212,  Human,  Female,  Dark, 3, Green Eye Shadow / Medical Mask / Mohawk Thin
7217,  Human,  Male,  Albino, 3, Hoodie / Mustache / Eye Patch
7219,  Human,  Female,  Medium, 3, Choker / Half Shaved / 3D Glasses
7234,  Human,  Female,  Dark, 3, Mole / Green Eye Shadow / Half Shaved
7260,  Human,  Female,  Dark, 2, Blue Eye Shadow / Wild White Hair
7270,  Human,  Male,  Dark, 3, Front Beard / Knitted Cap / Eye Patch
7294,  Human,  Male,  Medium, 3, Cigarette / Purple Hair / Nerd Glasses
7296,  Human,  Female,  Light, 3, Black Lipstick / Horned Rim Glasses / Straight Hair
7326,  Human,  Female,  Dark, 3, Mole / Green Eye Shadow / Dark Hair
7331,  Human,  Male,  Dark, 4, Luxurious Beard / Gold Chain / Earring / Knitted Cap
7332,  Human,  Male,  Medium, 3, Front Beard / Classic Shades / Knitted Cap
7348,  Human,  Female,  Albino, 3, Vape / Half Shaved / Purple Lipstick
7354,  Human,  Female,  Dark, 2, Clown Nose / Straight Hair
7368,  Human,  Male,  Medium, 3, Front Beard Dark / Fedora / Nerd Glasses
7415,  Human,  Female,  Dark, 3, Green Eye Shadow / Medical Mask / Dark Hair
7461,  Human,  Male,  Medium, 2, Wild Hair / Medical Mask
7511,  Human,  Female,  Medium, 3, Mole / Frumpy Hair / Clown Eyes Blue
7528,  Human,  Female,  Dark, 2, Clown Nose / Straight Hair Dark
7536,  Human,  Male,  Medium, 2, Luxurious Beard / Crazy Hair
7602,  Human,  Male,  Medium, 4, Luxurious Beard / Peak Spike / Vape / Rosy Cheeks
7663,  Human,  Female,  Dark, 3, Green Eye Shadow / Pink With Hat / Purple Lipstick
7683,  Human,  Male,  Light, 2, Crazy Hair / Medical Mask
7689,  Human,  Female,  Medium, 3, Cap / Horned Rim Glasses / Medical Mask
7692,  Human,  Male,  Dark, 3, Luxurious Beard / Headband / Eye Patch
7710,  Human,  Female,  Light, 3, Purple Eye Shadow / Half Shaved / Purple Lipstick
7740,  Human,  Male,  Medium, 3, Messy Hair / Eye Mask / Normal Beard
7753,  Human,  Male,  Medium, 3, Purple Hair / Normal Beard / VR
7763,  Human,  Female,  Dark, 3, Red Mohawk / Big Shades / Purple Lipstick
7778,  Human,  Female,  Light, 3, Medical Mask / Mohawk Thin / Clown Eyes Blue
7831,  Human,  Male,  Albino, 2, Purple Hair / VR
7835,  Human,  Male,  Dark, 2, Handlebars / Mohawk
7844,  Human,  Male,  Light, 3, Front Beard / Hoodie / Classic Shades
7915,  Human,  Female,  Albino, 2, Green Eye Shadow / Straight Hair
7917,  Human,  Male,  Dark, 3, Cigarette / Purple Hair / Smile
7920,  Human,  Female,  Medium, 5, Clown Nose / Crazy Hair / Hot Lipstick / VR / Cigarette
7923,  Human,  Male,  Dark, 3, Normal Beard Black / Earring / Mohawk Dark
7948,  Human,  Male,  Medium, 2, Handlebars / Purple Hair
7967,  Human,  Female,  Dark, 3, Blue Eye Shadow / Black Lipstick / Straight Hair Dark
7971,  Human,  Female,  Medium, 5, Mole / Big Shades / Black Lipstick / Wild Hair / Cigarette
7978,  Human,  Female,  Dark, 3, Black Lipstick / Clown Eyes Green / Frumpy Hair
8030,  Human,  Female,  Dark, 2, Vape / Wild White Hair
8032,  Human,  Female,  Medium, 3, Mole / Clown Eyes Green / Wild Hair
8034,  Human,  Female,  Medium, 2, Spots / Dark Hair
8035,  Human,  Female,  Light, 4, Mole / Hot Lipstick / Dark Hair / Cigarette
8079,  Human,  Male,  Light, 4, Cigarette / Front Beard / Horned Rim Glasses / Do-rag
8101,  Human,  Male,  Dark, 4, Stringy Hair / Frown / Chinstrap / Earring
8112,  Human,  Male,  Medium, 3, Cap / Nerd Glasses / Normal Beard
8120,  Human,  Male,  Albino, 3, Stringy Hair / Front Beard / Clown Nose
8152,  Human,  Male,  Light, 5, Luxurious Beard / Gold Chain / Earring / Knitted Cap / Eye Patch
8179,  Human,  Male,  Light, 3, Luxurious Beard / Vape / Headband
8183,  Human,  Female,  Albino, 2, Straight Hair Blonde / Purple Lipstick
8191,  Human,  Male,  Dark, 3, Normal Beard Black / Top Hat / 3D Glasses
8194,  Human,  Female,  Light, 4, Gold Chain / Purple Eye Shadow / Purple Lipstick / Blonde Bob
8201,  Human,  Female,  Dark, 3, Vape / Blue Eye Shadow / Wild Hair
8248,  Human,  Female,  Medium, 4, Clown Nose / Blue Eye Shadow / Black Lipstick / Frumpy Hair
8279,  Human,  Female,  Dark, 2, Purple Eye Shadow / Half Shaved
8290,  Human,  Female,  Light, 2, Wild White Hair / VR
8312,  Human,  Male,  Dark, 2, Frown / Purple Hair
8369,  Human,  Male,  Dark, 2, Hoodie / Smile
8387,  Human,  Female,  Light, 3, Clown Eyes Green / Purple Lipstick / Blonde Bob
8399,  Human,  Female,  Medium, 3, Black Lipstick / Purple Eye Shadow / Frumpy Hair
8440,  Human,  Female,  Albino, 3, Eye Patch / Hot Lipstick / Half Shaved
8445,  Human,  Male,  Medium, 3, Hoodie / Big Shades / Normal Beard
8479,  Human,  Male,  Dark, 3, Clown Nose / Purple Hair / Nerd Glasses
8483,  Human,  Female,  Dark, 3, Green Eye Shadow / Frumpy Hair / Purple Lipstick
8539,  Human,  Female,  Dark, 3, Green Eye Shadow / Hot Lipstick / Blonde Bob
8608,  Human,  Male,  Dark, 2, Cap / Medical Mask
8618,  Human,  Male,  Light, 4, Hoodie / Muttonchops / Medical Mask / Regular Shades
8621,  Human,  Female,  Dark, 3, Black Lipstick / Straight Hair Dark / Cigarette
8674,  Human,  Female,  Light, 3, Pipe / Wild Hair / Purple Lipstick
8700,  Human,  Male,  Light, 4, Cigarette / Hoodie / Classic Shades / Normal Beard
8701,  Human,  Male,  Light, 3, Clown Nose / Normal Beard Black / Wild Hair
8708,  Human,  Male,  Albino, 2, Peak Spike / Medical Mask
8767,  Human,  Female,  Light, 3, Wild White Hair / Horned Rim Glasses / Hot Lipstick
8770,  Human,  Male,  Medium, 3, Normal Beard Black / Hoodie / Clown Eyes Green
8771,  Human,  Female,  Light, 3, Straight Hair / Hot Lipstick / Classic Shades
8772,  Human,  Male,  Light, 3, Front Beard / Hoodie / Small Shades
8773,  Human,  Female,  Dark, 3, Wild Hair / 3D Glasses / Cigarette
8774,  Human,  Female,  Dark, 3, Black Lipstick / Straight Hair / Cigarette
8787,  Human,  Female,  Medium, 2, VR / Blonde Bob
8802,  Human,  Female,  Albino, 3, Mole / Clown Eyes Green / Blonde Bob
8867,  Human,  Female,  Dark, 3, Pink With Hat / Medical Mask / Rosy Cheeks
8889,  Human,  Male,  Dark, 4, Luxurious Beard / Peak Spike / Vape / Classic Shades
8907,  Human,  Female,  Medium, 2, Horned Rim Glasses / Pink With Hat
8908,  Human,  Male,  Light, 3, Front Beard / Mohawk Thin / Small Shades
8929,  Human,  Male,  Medium, 4, Normal Beard Black / Big Shades / Earring / Do-rag
8932,  Human,  Female,  Dark, 3, Hot Lipstick / Half Shaved / Clown Eyes Blue
8936,  Human,  Female,  Medium, 2, Medical Mask / Wild Hair
9038,  Human,  Male,  Dark, 4, Crazy Hair / Medical Mask / Eye Patch / Big Beard
9042,  Human,  Female,  Dark, 3, Blue Eye Shadow / Wild Hair / Purple Lipstick
9064,  Human,  Female,  Light, 2, Wild White Hair / Welding Goggles
9078,  Human,  Female,  Light, 2, Half Shaved / Clown Eyes Blue
9090,  Human,  Male,  Light, 3, Front Beard Dark / Earring / Shaved Head
9126,  Human,  Female,  Medium, 3, Clown Eyes Green / Frumpy Hair / Purple Lipstick
9130,  Human,  Male,  Dark, 2, Front Beard / Purple Hair
9156,  Human,  Male,  Light, 3, Normal Beard Black / Cap Forward / Horned Rim Glasses
9160,  Human,  Female,  Medium, 2, Pilot Helmet / Medical Mask
9188,  Human,  Female,  Light, 3, Wild White Hair / Hot Lipstick / Cigarette
9205,  Human,  Female,  Medium, 3, Mole / Big Shades / Straight Hair Dark
9213,  Human,  Female,  Dark, 3, Clown Eyes Green / Hot Lipstick / Dark Hair
9224,  Human,  Female,  Medium, 2, Vape / Wild White Hair
9262,  Human,  Male,  Light, 3, Purple Hair / Vape / Small Shades
9278,  Human,  Female,  Albino, 2, Straight Hair Blonde / Hot Lipstick
9279,  Human,  Male,  Medium, 3, Frown / Shadow Beard / Purple Hair
9288,  Human,  Female,  Medium, 3, Pipe / Black Lipstick / Wild Hair
9324,  Human,  Female,  Dark, 3, Black Lipstick / Clown Eyes Green / Straight Hair Dark
9336,  Human,  Male,  Light, 3, Handlebars / Mohawk / Clown Eyes Green
9354,  Human,  Male,  Albino, 2, Purple Hair / Nerd Glasses
9355,  Human,  Male,  Light, 3, Bandana / Luxurious Beard / Earring
9366,  Human,  Female,  Medium, 3, Pipe / Blue Eye Shadow / Half Shaved
9368,  Zombie,  Male,  , 1, Hoodie
9382,  Human,  Male,  Medium, 3, Cigarette / Purple Hair / Small Shades
9393,  Human,  Male,  Medium, 2, Clown Eyes Blue / Hoodie
9395,  Human,  Female,  Medium, 3, Mole / Hot Lipstick / Half Shaved
9413,  Human,  Female,  Medium, 4, Vape / Wild White Hair / Hot Lipstick / Nerd Glasses
9430,  Human,  Female,  Dark, 3, Dark Hair / Purple Lipstick / Nerd Glasses
9442,  Human,  Male,  Dark, 3, Cigarette / Frumpy Hair / Chinstrap
9454,  Human,  Female,  Light, 4, Black Lipstick / 3D Glasses / Straight Hair Dark / Cigarette
9464,  Human,  Male,  Dark, 2, Cigarette / Chinstrap
9470,  Human,  Female,  Dark, 2, Blonde Bob / Cigarette
9541,  Human,  Male,  Albino, 2, Vampire Hair / Normal Beard
9550,  Human,  Female,  Medium, 3, Hot Lipstick / Classic Shades / Straight Hair Dark
9559,  Human,  Female,  Medium, 3, Big Shades / Wild White Hair / Black Lipstick
9579,  Human,  Female,  Medium, 3, Hot Lipstick / Straight Hair Dark / Nerd Glasses
9584,  Human,  Male,  Light, 3, Normal Beard Black / Purple Hair / Eye Patch
9600,  Human,  Male,  Medium, 3, Front Beard Dark / Wild Hair / Classic Shades
9608,  Human,  Female,  Dark, 3, Straight Hair / Clown Eyes Blue / Cigarette
9611,  Human,  Male,  Light, 3, Luxurious Beard / Hoodie / Horned Rim Glasses
9629,  Human,  Female,  Dark, 2, Eye Patch / Blonde Bob
9663,  Human,  Female,  Albino, 3, Straight Hair Blonde / Classic Shades / Purple Lipstick
9723,  Human,  Male,  Albino, 3, Luxurious Beard / Do-rag / 3D Glasses
9819,  Human,  Male,  Dark, 4, Luxurious Beard / Gold Chain / Headband / Eye Patch
9828,  Human,  Female,  Dark, 3, Black Lipstick / Straight Hair Blonde / Nerd Glasses
9834,  Human,  Female,  Medium, 2, Dark Hair / Nerd Glasses
9848,  Human,  Male,  Dark, 3, Hoodie / Nerd Glasses / Big Beard
9861,  Human,  Female,  Light, 3, Clown Nose / Wild White Hair / Classic Shades
9882,  Human,  Female,  Light, 3, Medical Mask / Straight Hair / Classic Shades
9952,  Human,  Male,  Light, 2, Hoodie / Normal Beard
9957,  Human,  Female,  Medium, 4, Spots / Horned Rim Glasses / Medical Mask / Straight Hair
9960,  Human,  Female,  Medium, 4, Blue Eye Shadow / Half Shaved / Purple Lipstick / Rosy Cheeks
9962,  Human,  Male,  Albino, 3, Messy Hair / Luxurious Beard / Regular Shades
9963,  Human,  Male,  Albino, 3, Chinstrap / Purple Hair / VR
9965,  Human,  Male,  Albino, 2, Hoodie / Nerd Glasses
9966,  Human,  Female,  Medium, 3, Eye Patch / Hot Lipstick / Wild Hair
